category_id,category_name,category_slug,url
20,ضروری اعلانات,%D8%B6%D8%B1%D9%88%D8%B1%DB%8C-%D8%A7%D8%B9%D9%84%D8%A7%D9%86%D8%A7%D8%AA,https://www.urduweb.org/mehfil/forums/%D8%B6%D8%B1%D9%88%D8%B1%DB%8C-%D8%A7%D8%B9%D9%84%D8%A7%D9%86%D8%A7%D8%AA.20/
167,محفل فورم ٹیوٹوریل,%D9%85%D8%AD%D9%81%D9%84-%D9%81%D9%88%D8%B1%D9%85-%D9%B9%DB%8C%D9%88%D9%B9%D9%88%D8%B1%DB%8C%D9%84,https://www.urduweb.org/mehfil/forums/%D9%85%D8%AD%D9%81%D9%84-%D9%81%D9%88%D8%B1%D9%85-%D9%B9%DB%8C%D9%88%D9%B9%D9%88%D8%B1%DB%8C%D9%84.167/
39,تعارف و انٹرویو,%D8%AA%D8%B9%D8%A7%D8%B1%D9%81-%D9%88-%D8%A7%D9%86%D9%B9%D8%B1%D9%88%DB%8C%D9%88,https://www.urduweb.org/mehfil/forums/%D8%AA%D8%B9%D8%A7%D8%B1%D9%81-%D9%88-%D8%A7%D9%86%D9%B9%D8%B1%D9%88%DB%8C%D9%88.39/
70,تہنیتی پیغامات و دعائیہ کلمات,%D8%AA%DB%81%D9%86%DB%8C%D8%AA%DB%8C-%D9%BE%DB%8C%D8%BA%D8%A7%D9%85%D8%A7%D8%AA-%D9%88-%D8%AF%D8%B9%D8%A7%D8%A6%DB%8C%DB%81-%DA%A9%D9%84%D9%85%D8%A7%D8%AA,https://www.urduweb.org/mehfil/forums/%D8%AA%DB%81%D9%86%DB%8C%D8%AA%DB%8C-%D9%BE%DB%8C%D8%BA%D8%A7%D9%85%D8%A7%D8%AA-%D9%88-%D8%AF%D8%B9%D8%A7%D8%A6%DB%8C%DB%81-%DA%A9%D9%84%D9%85%D8%A7%D8%AA.70/
256,ذکر محفلین,%D8%B0%DA%A9%D8%B1-%D9%85%D8%AD%D9%81%D9%84%DB%8C%D9%86,https://www.urduweb.org/mehfil/forums/%D8%B0%DA%A9%D8%B1-%D9%85%D8%AD%D9%81%D9%84%DB%8C%D9%86.256/
257,ذکر اردو محفل,%D8%B0%DA%A9%D8%B1-%D8%A7%D8%B1%D8%AF%D9%88-%D9%85%D8%AD%D9%81%D9%84,https://www.urduweb.org/mehfil/forums/%D8%B0%DA%A9%D8%B1-%D8%A7%D8%B1%D8%AF%D9%88-%D9%85%D8%AD%D9%81%D9%84.257/
165,محفل کی سالگرہ,%D9%85%D8%AD%D9%81%D9%84-%DA%A9%DB%8C-%D8%B3%D8%A7%D9%84%DA%AF%D8%B1%DB%81,https://www.urduweb.org/mehfil/forums/%D9%85%D8%AD%D9%81%D9%84-%DA%A9%DB%8C-%D8%B3%D8%A7%D9%84%DA%AF%D8%B1%DB%81.165/
22,تجاویز، آراء و مسائل,%D8%AA%D8%AC%D8%A7%D9%88%DB%8C%D8%B2%D8%8C-%D8%A2%D8%B1%D8%A7%D8%A1-%D9%88-%D9%85%D8%B3%D8%A7%D8%A6%D9%84,https://www.urduweb.org/mehfil/forums/%D8%AA%D8%AC%D8%A7%D9%88%DB%8C%D8%B2%D8%8C-%D8%A2%D8%B1%D8%A7%D8%A1-%D9%88-%D9%85%D8%B3%D8%A7%D8%A6%D9%84.22/
255,آپ کی شکایات,%D8%A2%D9%BE-%DA%A9%DB%8C-%D8%B4%DA%A9%D8%A7%DB%8C%D8%A7%D8%AA,https://www.urduweb.org/mehfil/forums/%D8%A2%D9%BE-%DA%A9%DB%8C-%D8%B4%DA%A9%D8%A7%DB%8C%D8%A7%D8%AA.255/
21,لکھنے پڑھنے میں مدد,%D9%84%DA%A9%DA%BE%D9%86%DB%92-%D9%BE%DA%91%DA%BE%D9%86%DB%92-%D9%85%DB%8C%DA%BA-%D9%85%D8%AF%D8%AF,https://www.urduweb.org/mehfil/forums/%D9%84%DA%A9%DA%BE%D9%86%DB%92-%D9%BE%DA%91%DA%BE%D9%86%DB%92-%D9%85%DB%8C%DA%BA-%D9%85%D8%AF%D8%AF.21/
26,اردو ایپلیکیشن پروگرامنگ,%D8%A7%D8%B1%D8%AF%D9%88-%D8%A7%DB%8C%D9%BE%D9%84%DB%8C%DA%A9%DB%8C%D8%B4%D9%86-%D9%BE%D8%B1%D9%88%DA%AF%D8%B1%D8%A7%D9%85%D9%86%DA%AF,https://www.urduweb.org/mehfil/forums/%D8%A7%D8%B1%D8%AF%D9%88-%D8%A7%DB%8C%D9%BE%D9%84%DB%8C%DA%A9%DB%8C%D8%B4%D9%86-%D9%BE%D8%B1%D9%88%DA%AF%D8%B1%D8%A7%D9%85%D9%86%DA%AF.26/
228,اسلامک کمپیوٹنگ,%D8%A7%D8%B3%D9%84%D8%A7%D9%85%DA%A9-%DA%A9%D9%85%D9%BE%DB%8C%D9%88%D9%B9%D9%86%DA%AF,https://www.urduweb.org/mehfil/forums/%D8%A7%D8%B3%D9%84%D8%A7%D9%85%DA%A9-%DA%A9%D9%85%D9%BE%DB%8C%D9%88%D9%B9%D9%86%DA%AF.228/
64,ٹائپو گرافی اور خطاطی,%D9%B9%D8%A7%D8%A6%D9%BE%D9%88-%DA%AF%D8%B1%D8%A7%D9%81%DB%8C-%D8%A7%D9%88%D8%B1-%D8%AE%D8%B7%D8%A7%D8%B7%DB%8C,https://www.urduweb.org/mehfil/forums/%D9%B9%D8%A7%D8%A6%D9%BE%D9%88-%DA%AF%D8%B1%D8%A7%D9%81%DB%8C-%D8%A7%D9%88%D8%B1-%D8%AE%D8%B7%D8%A7%D8%B7%DB%8C.64/
160,علوی نستعلیق فونٹ ٹیسٹنگ,%D8%B9%D9%84%D9%88%DB%8C-%D9%86%D8%B3%D8%AA%D8%B9%D9%84%DB%8C%D9%82-%D9%81%D9%88%D9%86%D9%B9-%D9%B9%DB%8C%D8%B3%D9%B9%D9%86%DA%AF,https://www.urduweb.org/mehfil/forums/%D8%B9%D9%84%D9%88%DB%8C-%D9%86%D8%B3%D8%AA%D8%B9%D9%84%DB%8C%D9%82-%D9%81%D9%88%D9%86%D9%B9-%D9%B9%DB%8C%D8%B3%D9%B9%D9%86%DA%AF.160/
136,اردو نستعلیق فونٹ پراجیکٹ,%D8%A7%D8%B1%D8%AF%D9%88-%D9%86%D8%B3%D8%AA%D8%B9%D9%84%DB%8C%D9%82-%D9%81%D9%88%D9%86%D9%B9-%D9%BE%D8%B1%D8%A7%D8%AC%DB%8C%DA%A9%D9%B9,https://www.urduweb.org/mehfil/forums/%D8%A7%D8%B1%D8%AF%D9%88-%D9%86%D8%B3%D8%AA%D8%B9%D9%84%DB%8C%D9%82-%D9%81%D9%88%D9%86%D9%B9-%D9%BE%D8%B1%D8%A7%D8%AC%DB%8C%DA%A9%D9%B9.136/
30,اردو آئی۔ٹی ٹیوٹوریل,%D8%A7%D8%B1%D8%AF%D9%88-%D8%A2%D8%A6%DB%8C%DB%94%D9%B9%DB%8C-%D9%B9%DB%8C%D9%88%D9%B9%D9%88%D8%B1%DB%8C%D9%84,https://www.urduweb.org/mehfil/forums/%D8%A7%D8%B1%D8%AF%D9%88-%D8%A2%D8%A6%DB%8C%DB%94%D9%B9%DB%8C-%D9%B9%DB%8C%D9%88%D9%B9%D9%88%D8%B1%DB%8C%D9%84.30/
196,مضامین کی ادارت,%D9%85%D8%B6%D8%A7%D9%85%DB%8C%D9%86-%DA%A9%DB%8C-%D8%A7%D8%AF%D8%A7%D8%B1%D8%AA,https://www.urduweb.org/mehfil/forums/%D9%85%D8%B6%D8%A7%D9%85%DB%8C%D9%86-%DA%A9%DB%8C-%D8%A7%D8%AF%D8%A7%D8%B1%D8%AA.196/
198,گرافکس ٹیوٹوریلز,%DA%AF%D8%B1%D8%A7%D9%81%DA%A9%D8%B3-%D9%B9%DB%8C%D9%88%D9%B9%D9%88%D8%B1%DB%8C%D9%84%D8%B2,https://www.urduweb.org/mehfil/forums/%DA%AF%D8%B1%D8%A7%D9%81%DA%A9%D8%B3-%D9%B9%DB%8C%D9%88%D9%B9%D9%88%D8%B1%DB%8C%D9%84%D8%B2.198/
182,مضامین,%D9%85%D8%B6%D8%A7%D9%85%DB%8C%D9%86,https://www.urduweb.org/mehfil/forums/%D9%85%D8%B6%D8%A7%D9%85%DB%8C%D9%86.182/
124,فلیش ٹیوٹوریل,%D9%81%D9%84%DB%8C%D8%B4-%D9%B9%DB%8C%D9%88%D9%B9%D9%88%D8%B1%DB%8C%D9%84,https://www.urduweb.org/mehfil/forums/%D9%81%D9%84%DB%8C%D8%B4-%D9%B9%DB%8C%D9%88%D9%B9%D9%88%D8%B1%DB%8C%D9%84.124/
129,ویب پروگرامنگ,%D9%88%DB%8C%D8%A8-%D9%BE%D8%B1%D9%88%DA%AF%D8%B1%D8%A7%D9%85%D9%86%DA%AF,https://www.urduweb.org/mehfil/forums/%D9%88%DB%8C%D8%A8-%D9%BE%D8%B1%D9%88%DA%AF%D8%B1%D8%A7%D9%85%D9%86%DA%AF.129/
197,ویڈیو ٹیوٹوریلز,%D9%88%DB%8C%DA%88%DB%8C%D9%88-%D9%B9%DB%8C%D9%88%D9%B9%D9%88%D8%B1%DB%8C%D9%84%D8%B2,https://www.urduweb.org/mehfil/forums/%D9%88%DB%8C%DA%88%DB%8C%D9%88-%D9%B9%DB%8C%D9%88%D9%B9%D9%88%D8%B1%DB%8C%D9%84%D8%B2.197/
68,لینکس کارنر,%D9%84%DB%8C%D9%86%DA%A9%D8%B3-%DA%A9%D8%A7%D8%B1%D9%86%D8%B1,https://www.urduweb.org/mehfil/forums/%D9%84%DB%8C%D9%86%DA%A9%D8%B3-%DA%A9%D8%A7%D8%B1%D9%86%D8%B1.68/
130,لینکس کا ترجمہ,%D9%84%DB%8C%D9%86%DA%A9%D8%B3-%DA%A9%D8%A7-%D8%AA%D8%B1%D8%AC%D9%85%DB%81,https://www.urduweb.org/mehfil/forums/%D9%84%DB%8C%D9%86%DA%A9%D8%B3-%DA%A9%D8%A7-%D8%AA%D8%B1%D8%AC%D9%85%DB%81.130/
219,اردو بلاگنگ,%D8%A7%D8%B1%D8%AF%D9%88-%D8%A8%D9%84%D8%A7%DA%AF%D9%86%DA%AF,https://www.urduweb.org/mehfil/forums/%D8%A7%D8%B1%D8%AF%D9%88-%D8%A8%D9%84%D8%A7%DA%AF%D9%86%DA%AF.219/
16,آئی ٹی کے سوال و جواب,%D8%A2%D8%A6%DB%8C-%D9%B9%DB%8C-%DA%A9%DB%92-%D8%B3%D9%88%D8%A7%D9%84-%D9%88-%D8%AC%D9%88%D8%A7%D8%A8,https://www.urduweb.org/mehfil/forums/%D8%A2%D8%A6%DB%8C-%D9%B9%DB%8C-%DA%A9%DB%92-%D8%B3%D9%88%D8%A7%D9%84-%D9%88-%D8%AC%D9%88%D8%A7%D8%A8.16/
208,ایڈمن زون,%D8%A7%DB%8C%DA%88%D9%85%D9%86-%D8%B2%D9%88%D9%86,https://www.urduweb.org/mehfil/forums/%D8%A7%DB%8C%DA%88%D9%85%D9%86-%D8%B2%D9%88%D9%86.208/
67,انفارمیشن ٹیکنالوجی کی دنیا,%D8%A7%D9%86%D9%81%D8%A7%D8%B1%D9%85%DB%8C%D8%B4%D9%86-%D9%B9%DB%8C%DA%A9%D9%86%D8%A7%D9%84%D9%88%D8%AC%DB%8C-%DA%A9%DB%8C-%D8%AF%D9%86%DB%8C%D8%A7,https://www.urduweb.org/mehfil/forums/%D8%A7%D9%86%D9%81%D8%A7%D8%B1%D9%85%DB%8C%D8%B4%D9%86-%D9%B9%DB%8C%DA%A9%D9%86%D8%A7%D9%84%D9%88%D8%AC%DB%8C-%DA%A9%DB%8C-%D8%AF%D9%86%DB%8C%D8%A7.67/
179,پروگرامنگ,%D9%BE%D8%B1%D9%88%DA%AF%D8%B1%D8%A7%D9%85%D9%86%DA%AF,https://www.urduweb.org/mehfil/forums/%D9%BE%D8%B1%D9%88%DA%AF%D8%B1%D8%A7%D9%85%D9%86%DA%AF.179/
180,موبائل کمیونیکیشن,%D9%85%D9%88%D8%A8%D8%A7%D8%A6%D9%84-%DA%A9%D9%85%DB%8C%D9%88%D9%86%DB%8C%DA%A9%DB%8C%D8%B4%D9%86,https://www.urduweb.org/mehfil/forums/%D9%85%D9%88%D8%A8%D8%A7%D8%A6%D9%84-%DA%A9%D9%85%DB%8C%D9%88%D9%86%DB%8C%DA%A9%DB%8C%D8%B4%D9%86.180/
114,ویب سائٹس پر تبصرے,%D9%88%DB%8C%D8%A8-%D8%B3%D8%A7%D8%A6%D9%B9%D8%B3-%D9%BE%D8%B1-%D8%AA%D8%A8%D8%B5%D8%B1%DB%92,https://www.urduweb.org/mehfil/forums/%D9%88%DB%8C%D8%A8-%D8%B3%D8%A7%D8%A6%D9%B9%D8%B3-%D9%BE%D8%B1-%D8%AA%D8%A8%D8%B5%D8%B1%DB%92.114/
115,سوفٹویر پر تبصرے,%D8%B3%D9%88%D9%81%D9%B9%D9%88%DB%8C%D8%B1-%D9%BE%D8%B1-%D8%AA%D8%A8%D8%B5%D8%B1%DB%92,https://www.urduweb.org/mehfil/forums/%D8%B3%D9%88%D9%81%D9%B9%D9%88%DB%8C%D8%B1-%D9%BE%D8%B1-%D8%AA%D8%A8%D8%B5%D8%B1%DB%92.115/
225,روبی آن ریلز,%D8%B1%D9%88%D8%A8%DB%8C-%D8%A2%D9%86-%D8%B1%DB%8C%D9%84%D8%B2,https://www.urduweb.org/mehfil/forums/%D8%B1%D9%88%D8%A8%DB%8C-%D8%A2%D9%86-%D8%B1%DB%8C%D9%84%D8%B2.225/
261,پائتھون,%D9%BE%D8%A7%D8%A6%D8%AA%DA%BE%D9%88%D9%86,https://www.urduweb.org/mehfil/forums/%D9%BE%D8%A7%D8%A6%D8%AA%DA%BE%D9%88%D9%86.261/
262,وسائل و ڈاؤنلوڈ,%D9%88%D8%B3%D8%A7%D8%A6%D9%84-%D9%88-%DA%88%D8%A7%D8%A4%D9%86%D9%84%D9%88%DA%88,https://www.urduweb.org/mehfil/forums/%D9%88%D8%B3%D8%A7%D8%A6%D9%84-%D9%88-%DA%88%D8%A7%D8%A4%D9%86%D9%84%D9%88%DA%88.262/
178,اردو سوفٹویر ریلیز,%D8%A7%D8%B1%D8%AF%D9%88-%D8%B3%D9%88%D9%81%D9%B9%D9%88%DB%8C%D8%B1-%D8%B1%DB%8C%D9%84%DB%8C%D8%B2,https://www.urduweb.org/mehfil/forums/%D8%A7%D8%B1%D8%AF%D9%88-%D8%B3%D9%88%D9%81%D9%B9%D9%88%DB%8C%D8%B1-%D8%B1%DB%8C%D9%84%DB%8C%D8%B2.178/
125,ڈیویلپمنٹ,%DA%88%DB%8C%D9%88%DB%8C%D9%84%D9%BE%D9%85%D9%86%D9%B9,https://www.urduweb.org/mehfil/forums/%DA%88%DB%8C%D9%88%DB%8C%D9%84%D9%BE%D9%85%D9%86%D9%B9.125/
118,پراجیکٹس کی تجاویز,%D9%BE%D8%B1%D8%A7%D8%AC%DB%8C%DA%A9%D9%B9%D8%B3-%DA%A9%DB%8C-%D8%AA%D8%AC%D8%A7%D9%88%DB%8C%D8%B2,https://www.urduweb.org/mehfil/forums/%D9%BE%D8%B1%D8%A7%D8%AC%DB%8C%DA%A9%D9%B9%D8%B3-%DA%A9%DB%8C-%D8%AA%D8%AC%D8%A7%D9%88%DB%8C%D8%B2.118/
190,نوری نستعلیق پراجیکٹ,%D9%86%D9%88%D8%B1%DB%8C-%D9%86%D8%B3%D8%AA%D8%B9%D9%84%DB%8C%D9%82-%D9%BE%D8%B1%D8%A7%D8%AC%DB%8C%DA%A9%D9%B9,https://www.urduweb.org/mehfil/forums/%D9%86%D9%88%D8%B1%DB%8C-%D9%86%D8%B3%D8%AA%D8%B9%D9%84%DB%8C%D9%82-%D9%BE%D8%B1%D8%A7%D8%AC%DB%8C%DA%A9%D9%B9.190/
117,اردو ایڈیٹر پراجیکٹ,%D8%A7%D8%B1%D8%AF%D9%88-%D8%A7%DB%8C%DA%88%DB%8C%D9%B9%D8%B1-%D9%BE%D8%B1%D8%A7%D8%AC%DB%8C%DA%A9%D9%B9,https://www.urduweb.org/mehfil/forums/%D8%A7%D8%B1%D8%AF%D9%88-%D8%A7%DB%8C%DA%88%DB%8C%D9%B9%D8%B1-%D9%BE%D8%B1%D8%A7%D8%AC%DB%8C%DA%A9%D9%B9.117/
241,اردو لینکس پروجیکٹ,%D8%A7%D8%B1%D8%AF%D9%88-%D9%84%DB%8C%D9%86%DA%A9%D8%B3-%D9%BE%D8%B1%D9%88%D8%AC%DB%8C%DA%A9%D9%B9,https://www.urduweb.org/mehfil/forums/%D8%A7%D8%B1%D8%AF%D9%88-%D9%84%DB%8C%D9%86%DA%A9%D8%B3-%D9%BE%D8%B1%D9%88%D8%AC%DB%8C%DA%A9%D9%B9.241/
242,لینکس ٹیم مشاورت,%D9%84%DB%8C%D9%86%DA%A9%D8%B3-%D9%B9%DB%8C%D9%85-%D9%85%D8%B4%D8%A7%D9%88%D8%B1%D8%AA,https://www.urduweb.org/mehfil/forums/%D9%84%DB%8C%D9%86%DA%A9%D8%B3-%D9%B9%DB%8C%D9%85-%D9%85%D8%B4%D8%A7%D9%88%D8%B1%D8%AA.242/
126,اردو لغت پراجیکٹ‌,%D8%A7%D8%B1%D8%AF%D9%88-%D9%84%D8%BA%D8%AA-%D9%BE%D8%B1%D8%A7%D8%AC%DB%8C%DA%A9%D9%B9%E2%80%8C,https://www.urduweb.org/mehfil/forums/%D8%A7%D8%B1%D8%AF%D9%88-%D9%84%D8%BA%D8%AA-%D9%BE%D8%B1%D8%A7%D8%AC%DB%8C%DA%A9%D9%B9%E2%80%8C.126/
186,اردو تعلیمی سائٹ پراجیکٹ,%D8%A7%D8%B1%D8%AF%D9%88-%D8%AA%D8%B9%D9%84%DB%8C%D9%85%DB%8C-%D8%B3%D8%A7%D8%A6%D9%B9-%D9%BE%D8%B1%D8%A7%D8%AC%DB%8C%DA%A9%D9%B9,https://www.urduweb.org/mehfil/forums/%D8%A7%D8%B1%D8%AF%D9%88-%D8%AA%D8%B9%D9%84%DB%8C%D9%85%DB%8C-%D8%B3%D8%A7%D8%A6%D9%B9-%D9%BE%D8%B1%D8%A7%D8%AC%DB%8C%DA%A9%D9%B9.186/
191,یونیکوڈ قران ٹائپنگ پراجیکٹ,%DB%8C%D9%88%D9%86%DB%8C%DA%A9%D9%88%DA%88-%D9%82%D8%B1%D8%A7%D9%86-%D9%B9%D8%A7%D8%A6%D9%BE%D9%86%DA%AF-%D9%BE%D8%B1%D8%A7%D8%AC%DB%8C%DA%A9%D9%B9,https://www.urduweb.org/mehfil/forums/%DB%8C%D9%88%D9%86%DB%8C%DA%A9%D9%88%DA%88-%D9%82%D8%B1%D8%A7%D9%86-%D9%B9%D8%A7%D8%A6%D9%BE%D9%86%DA%AF-%D9%BE%D8%B1%D8%A7%D8%AC%DB%8C%DA%A9%D9%B9.191/
185,اردو او سی آر پر تحقیق,%D8%A7%D8%B1%D8%AF%D9%88-%D8%A7%D9%88-%D8%B3%DB%8C-%D8%A2%D8%B1-%D9%BE%D8%B1-%D8%AA%D8%AD%D9%82%DB%8C%D9%82,https://www.urduweb.org/mehfil/forums/%D8%A7%D8%B1%D8%AF%D9%88-%D8%A7%D9%88-%D8%B3%DB%8C-%D8%A2%D8%B1-%D9%BE%D8%B1-%D8%AA%D8%AD%D9%82%DB%8C%D9%82.185/
239,اردو سپیچ پراسیسنگ,%D8%A7%D8%B1%D8%AF%D9%88-%D8%B3%D9%BE%DB%8C%DA%86-%D9%BE%D8%B1%D8%A7%D8%B3%DB%8C%D8%B3%D9%86%DA%AF,https://www.urduweb.org/mehfil/forums/%D8%A7%D8%B1%D8%AF%D9%88-%D8%B3%D9%BE%DB%8C%DA%86-%D9%BE%D8%B1%D8%A7%D8%B3%DB%8C%D8%B3%D9%86%DA%AF.239/
189,پشتو کمپیوٹنگ,%D9%BE%D8%B4%D8%AA%D9%88-%DA%A9%D9%85%D9%BE%DB%8C%D9%88%D9%B9%D9%86%DA%AF,https://www.urduweb.org/mehfil/forums/%D9%BE%D8%B4%D8%AA%D9%88-%DA%A9%D9%85%D9%BE%DB%8C%D9%88%D9%B9%D9%86%DA%AF.189/
65,اردو جریدہ پراجیکٹ,%D8%A7%D8%B1%D8%AF%D9%88-%D8%AC%D8%B1%DB%8C%D8%AF%DB%81-%D9%BE%D8%B1%D8%A7%D8%AC%DB%8C%DA%A9%D9%B9,https://www.urduweb.org/mehfil/forums/%D8%A7%D8%B1%D8%AF%D9%88-%D8%AC%D8%B1%DB%8C%D8%AF%DB%81-%D9%BE%D8%B1%D8%A7%D8%AC%DB%8C%DA%A9%D9%B9.65/
74,اردو پریس ڈیویلپمنٹ,%D8%A7%D8%B1%D8%AF%D9%88-%D9%BE%D8%B1%DB%8C%D8%B3-%DA%88%DB%8C%D9%88%DB%8C%D9%84%D9%BE%D9%85%D9%86%D9%B9,https://www.urduweb.org/mehfil/forums/%D8%A7%D8%B1%D8%AF%D9%88-%D9%BE%D8%B1%DB%8C%D8%B3-%DA%88%DB%8C%D9%88%DB%8C%D9%84%D9%BE%D9%85%D9%86%D9%B9.74/
27,اردو سوفٹ ویر سپورٹ,%D8%A7%D8%B1%D8%AF%D9%88-%D8%B3%D9%88%D9%81%D9%B9-%D9%88%DB%8C%D8%B1-%D8%B3%D9%BE%D9%88%D8%B1%D9%B9,https://www.urduweb.org/mehfil/forums/%D8%A7%D8%B1%D8%AF%D9%88-%D8%B3%D9%88%D9%81%D9%B9-%D9%88%DB%8C%D8%B1-%D8%B3%D9%BE%D9%88%D8%B1%D9%B9.27/
91,اردو پی‌ایچ‌پی‌بی‌بی سپورٹ,%D8%A7%D8%B1%D8%AF%D9%88-%D9%BE%DB%8C%E2%80%8C%D8%A7%DB%8C%DA%86%E2%80%8C%D9%BE%DB%8C%E2%80%8C%D8%A8%DB%8C%E2%80%8C%D8%A8%DB%8C-%D8%B3%D9%BE%D9%88%D8%B1%D9%B9,https://www.urduweb.org/mehfil/forums/%D8%A7%D8%B1%D8%AF%D9%88-%D9%BE%DB%8C%E2%80%8C%D8%A7%DB%8C%DA%86%E2%80%8C%D9%BE%DB%8C%E2%80%8C%D8%A8%DB%8C%E2%80%8C%D8%A8%DB%8C-%D8%B3%D9%BE%D9%88%D8%B1%D9%B9.91/
163,اردو سی ایچ موڈ فورم سپورٹ,%D8%A7%D8%B1%D8%AF%D9%88-%D8%B3%DB%8C-%D8%A7%DB%8C%DA%86-%D9%85%D9%88%DA%88-%D9%81%D9%88%D8%B1%D9%85-%D8%B3%D9%BE%D9%88%D8%B1%D9%B9,https://www.urduweb.org/mehfil/forums/%D8%A7%D8%B1%D8%AF%D9%88-%D8%B3%DB%8C-%D8%A7%DB%8C%DA%86-%D9%85%D9%88%DA%88-%D9%81%D9%88%D8%B1%D9%85-%D8%B3%D9%BE%D9%88%D8%B1%D9%B9.163/
154,اردو جملہ (Joomla) سپورٹ,%D8%A7%D8%B1%D8%AF%D9%88-%D8%AC%D9%85%D9%84%DB%81-joomla-%D8%B3%D9%BE%D9%88%D8%B1%D9%B9,https://www.urduweb.org/mehfil/forums/%D8%A7%D8%B1%D8%AF%D9%88-%D8%AC%D9%85%D9%84%DB%81-joomla-%D8%B3%D9%BE%D9%88%D8%B1%D9%B9.154/
162,اردو ایس ایم ایف سپورٹ,%D8%A7%D8%B1%D8%AF%D9%88-%D8%A7%DB%8C%D8%B3-%D8%A7%DB%8C%D9%85-%D8%A7%DB%8C%D9%81-%D8%B3%D9%BE%D9%88%D8%B1%D9%B9,https://www.urduweb.org/mehfil/forums/%D8%A7%D8%B1%D8%AF%D9%88-%D8%A7%DB%8C%D8%B3-%D8%A7%DB%8C%D9%85-%D8%A7%DB%8C%D9%81-%D8%B3%D9%BE%D9%88%D8%B1%D9%B9.162/
93,اردو ویب‌پیڈ سپورٹ,%D8%A7%D8%B1%D8%AF%D9%88-%D9%88%DB%8C%D8%A8%E2%80%8C%D9%BE%DB%8C%DA%88-%D8%B3%D9%BE%D9%88%D8%B1%D9%B9,https://www.urduweb.org/mehfil/forums/%D8%A7%D8%B1%D8%AF%D9%88-%D9%88%DB%8C%D8%A8%E2%80%8C%D9%BE%DB%8C%DA%88-%D8%B3%D9%BE%D9%88%D8%B1%D9%B9.93/
96,اردو اوپن‌پیڈ سپورٹ,%D8%A7%D8%B1%D8%AF%D9%88-%D8%A7%D9%88%D9%BE%D9%86%E2%80%8C%D9%BE%DB%8C%DA%88-%D8%B3%D9%BE%D9%88%D8%B1%D9%B9,https://www.urduweb.org/mehfil/forums/%D8%A7%D8%B1%D8%AF%D9%88-%D8%A7%D9%88%D9%BE%D9%86%E2%80%8C%D9%BE%DB%8C%DA%88-%D8%B3%D9%BE%D9%88%D8%B1%D9%B9.96/
168,اردو سلیکس لینکس,%D8%A7%D8%B1%D8%AF%D9%88-%D8%B3%D9%84%DB%8C%DA%A9%D8%B3-%D9%84%DB%8C%D9%86%DA%A9%D8%B3,https://www.urduweb.org/mehfil/forums/%D8%A7%D8%B1%D8%AF%D9%88-%D8%B3%D9%84%DB%8C%DA%A9%D8%B3-%D9%84%DB%8C%D9%86%DA%A9%D8%B3.168/
92,متفرق سپورٹ,%D9%85%D8%AA%D9%81%D8%B1%D9%82-%D8%B3%D9%BE%D9%88%D8%B1%D9%B9,https://www.urduweb.org/mehfil/forums/%D9%85%D8%AA%D9%81%D8%B1%D9%82-%D8%B3%D9%BE%D9%88%D8%B1%D9%B9.92/
73,اردو لوکلائیزیشن,%D8%A7%D8%B1%D8%AF%D9%88-%D9%84%D9%88%DA%A9%D9%84%D8%A7%D8%A6%DB%8C%D8%B2%DB%8C%D8%B4%D9%86,https://www.urduweb.org/mehfil/forums/%D8%A7%D8%B1%D8%AF%D9%88-%D9%84%D9%88%DA%A9%D9%84%D8%A7%D8%A6%DB%8C%D8%B2%DB%8C%D8%B4%D9%86.73/
137,اردو ورڈبینک,%D8%A7%D8%B1%D8%AF%D9%88-%D9%88%D8%B1%DA%88%D8%A8%DB%8C%D9%86%DA%A9,https://www.urduweb.org/mehfil/forums/%D8%A7%D8%B1%D8%AF%D9%88-%D9%88%D8%B1%DA%88%D8%A8%DB%8C%D9%86%DA%A9.137/
28,پی‌ایچ‌پی‌بی‌بی کا اردو ترجمہ,%D9%BE%DB%8C%E2%80%8C%D8%A7%DB%8C%DA%86%E2%80%8C%D9%BE%DB%8C%E2%80%8C%D8%A8%DB%8C%E2%80%8C%D8%A8%DB%8C-%DA%A9%D8%A7-%D8%A7%D8%B1%D8%AF%D9%88-%D8%AA%D8%B1%D8%AC%D9%85%DB%81,https://www.urduweb.org/mehfil/forums/%D9%BE%DB%8C%E2%80%8C%D8%A7%DB%8C%DA%86%E2%80%8C%D9%BE%DB%8C%E2%80%8C%D8%A8%DB%8C%E2%80%8C%D8%A8%DB%8C-%DA%A9%D8%A7-%D8%A7%D8%B1%D8%AF%D9%88-%D8%AA%D8%B1%D8%AC%D9%85%DB%81.28/
131,پوسٹ نیوک کا اردو ترجمہ,%D9%BE%D9%88%D8%B3%D9%B9-%D9%86%DB%8C%D9%88%DA%A9-%DA%A9%D8%A7-%D8%A7%D8%B1%D8%AF%D9%88-%D8%AA%D8%B1%D8%AC%D9%85%DB%81,https://www.urduweb.org/mehfil/forums/%D9%BE%D9%88%D8%B3%D9%B9-%D9%86%DB%8C%D9%88%DA%A9-%DA%A9%D8%A7-%D8%A7%D8%B1%D8%AF%D9%88-%D8%AA%D8%B1%D8%AC%D9%85%DB%81.131/
132,کاروباری سافٹویر کا ترجمہ,%DA%A9%D8%A7%D8%B1%D9%88%D8%A8%D8%A7%D8%B1%DB%8C-%D8%B3%D8%A7%D9%81%D9%B9%D9%88%DB%8C%D8%B1-%DA%A9%D8%A7-%D8%AA%D8%B1%D8%AC%D9%85%DB%81,https://www.urduweb.org/mehfil/forums/%DA%A9%D8%A7%D8%B1%D9%88%D8%A8%D8%A7%D8%B1%DB%8C-%D8%B3%D8%A7%D9%81%D9%B9%D9%88%DB%8C%D8%B1-%DA%A9%D8%A7-%D8%AA%D8%B1%D8%AC%D9%85%DB%81.132/
155,جملہ (Joomla) کا اردو ترجمہ,%D8%AC%D9%85%D9%84%DB%81-joomla-%DA%A9%D8%A7-%D8%A7%D8%B1%D8%AF%D9%88-%D8%AA%D8%B1%D8%AC%D9%85%DB%81,https://www.urduweb.org/mehfil/forums/%D8%AC%D9%85%D9%84%DB%81-joomla-%DA%A9%D8%A7-%D8%A7%D8%B1%D8%AF%D9%88-%D8%AA%D8%B1%D8%AC%D9%85%DB%81.155/
94,متفرق مقامیانا,%D9%85%D8%AA%D9%81%D8%B1%D9%82-%D9%85%D9%82%D8%A7%D9%85%DB%8C%D8%A7%D9%86%D8%A7,https://www.urduweb.org/mehfil/forums/%D9%85%D8%AA%D9%81%D8%B1%D9%82-%D9%85%D9%82%D8%A7%D9%85%DB%8C%D8%A7%D9%86%D8%A7.94/
59,بزم سخن,%D8%A8%D8%B2%D9%85-%D8%B3%D8%AE%D9%86,https://www.urduweb.org/mehfil/forums/%D8%A8%D8%B2%D9%85-%D8%B3%D8%AE%D9%86.59/
23,پسندیدہ کلام,%D9%BE%D8%B3%D9%86%D8%AF%DB%8C%D8%AF%DB%81-%DA%A9%D9%84%D8%A7%D9%85,https://www.urduweb.org/mehfil/forums/%D9%BE%D8%B3%D9%86%D8%AF%DB%8C%D8%AF%DB%81-%DA%A9%D9%84%D8%A7%D9%85.23/
135,حمد، نعت، مدحت و منقبت,%D8%AD%D9%85%D8%AF%D8%8C-%D9%86%D8%B9%D8%AA%D8%8C-%D9%85%D8%AF%D8%AD%D8%AA-%D9%88-%D9%85%D9%86%D9%82%D8%A8%D8%AA,https://www.urduweb.org/mehfil/forums/%D8%AD%D9%85%D8%AF%D8%8C-%D9%86%D8%B9%D8%AA%D8%8C-%D9%85%D8%AF%D8%AD%D8%AA-%D9%88-%D9%85%D9%86%D9%82%D8%A8%D8%AA.135/
37,اِصلاحِ سخن,%D8%A7%D9%90%D8%B5%D9%84%D8%A7%D8%AD%D9%90-%D8%B3%D8%AE%D9%86,https://www.urduweb.org/mehfil/forums/%D8%A7%D9%90%D8%B5%D9%84%D8%A7%D8%AD%D9%90-%D8%B3%D8%AE%D9%86.37/
17,آپ کی شاعری (پابندِ بحور شاعری),%D8%A2%D9%BE-%DA%A9%DB%8C-%D8%B4%D8%A7%D8%B9%D8%B1%DB%8C-%D9%BE%D8%A7%D8%A8%D9%86%D8%AF%D9%90-%D8%A8%D8%AD%D9%88%D8%B1-%D8%B4%D8%A7%D8%B9%D8%B1%DB%8C,https://www.urduweb.org/mehfil/forums/%D8%A2%D9%BE-%DA%A9%DB%8C-%D8%B4%D8%A7%D8%B9%D8%B1%DB%8C-%D9%BE%D8%A7%D8%A8%D9%86%D8%AF%D9%90-%D8%A8%D8%AD%D9%88%D8%B1-%D8%B4%D8%A7%D8%B9%D8%B1%DB%8C.17/
120,آپ کی نثری شاعری بحور سے آزاد,%D8%A2%D9%BE-%DA%A9%DB%8C-%D9%86%D8%AB%D8%B1%DB%8C-%D8%B4%D8%A7%D8%B9%D8%B1%DB%8C-%D8%A8%D8%AD%D9%88%D8%B1-%D8%B3%DB%92-%D8%A2%D8%B2%D8%A7%D8%AF,https://www.urduweb.org/mehfil/forums/%D8%A2%D9%BE-%DA%A9%DB%8C-%D9%86%D8%AB%D8%B1%DB%8C-%D8%B4%D8%A7%D8%B9%D8%B1%DB%8C-%D8%A8%D8%AD%D9%88%D8%B1-%D8%B3%DB%92-%D8%A2%D8%B2%D8%A7%D8%AF.120/
60,جہان نثر,%D8%AC%DB%81%D8%A7%D9%86-%D9%86%D8%AB%D8%B1,https://www.urduweb.org/mehfil/forums/%D8%AC%DB%81%D8%A7%D9%86-%D9%86%D8%AB%D8%B1.60/
25,اردو ادب,%D8%A7%D8%B1%D8%AF%D9%88-%D8%A7%D8%AF%D8%A8,https://www.urduweb.org/mehfil/forums/%D8%A7%D8%B1%D8%AF%D9%88-%D8%A7%D8%AF%D8%A8.25/
19,افسانے,%D8%A7%D9%81%D8%B3%D8%A7%D9%86%DB%92,https://www.urduweb.org/mehfil/forums/%D8%A7%D9%81%D8%B3%D8%A7%D9%86%DB%92.19/
209,مضامین کی ادارت,%D9%85%D8%B6%D8%A7%D9%85%DB%8C%D9%86-%DA%A9%DB%8C-%D8%A7%D8%AF%D8%A7%D8%B1%D8%AA,https://www.urduweb.org/mehfil/forums/%D9%85%D8%B6%D8%A7%D9%85%DB%8C%D9%86-%DA%A9%DB%8C-%D8%A7%D8%AF%D8%A7%D8%B1%D8%AA.209/
24,آپ کی تحریریں,%D8%A2%D9%BE-%DA%A9%DB%8C-%D8%AA%D8%AD%D8%B1%DB%8C%D8%B1%DB%8C%DA%BA,https://www.urduweb.org/mehfil/forums/%D8%A2%D9%BE-%DA%A9%DB%8C-%D8%AA%D8%AD%D8%B1%DB%8C%D8%B1%DB%8C%DA%BA.24/
133,ناول,%D9%86%D8%A7%D9%88%D9%84,https://www.urduweb.org/mehfil/forums/%D9%86%D8%A7%D9%88%D9%84.133/
171,ایڈونچر ناول,%D8%A7%DB%8C%DA%88%D9%88%D9%86%DA%86%D8%B1-%D9%86%D8%A7%D9%88%D9%84,https://www.urduweb.org/mehfil/forums/%D8%A7%DB%8C%DA%88%D9%88%D9%86%DA%86%D8%B1-%D9%86%D8%A7%D9%88%D9%84.171/
234,ادبی ملٹی میڈیا,%D8%A7%D8%AF%D8%A8%DB%8C-%D9%85%D9%84%D9%B9%DB%8C-%D9%85%DB%8C%DA%88%DB%8C%D8%A7,https://www.urduweb.org/mehfil/forums/%D8%A7%D8%AF%D8%A8%DB%8C-%D9%85%D9%84%D9%B9%DB%8C-%D9%85%DB%8C%DA%88%DB%8C%D8%A7.234/
69,مطالعہ کتب,%D9%85%D8%B7%D8%A7%D9%84%D8%B9%DB%81-%DA%A9%D8%AA%D8%A8,https://www.urduweb.org/mehfil/forums/%D9%85%D8%B7%D8%A7%D9%84%D8%B9%DB%81-%DA%A9%D8%AA%D8%A8.69/
18,طنز و مزاح,%D8%B7%D9%86%D8%B2-%D9%88-%D9%85%D8%B2%D8%A7%D8%AD,https://www.urduweb.org/mehfil/forums/%D8%B7%D9%86%D8%B2-%D9%88-%D9%85%D8%B2%D8%A7%D8%AD.18/
201,مزاحیہ شاعری,%D9%85%D8%B2%D8%A7%D8%AD%DB%8C%DB%81-%D8%B4%D8%A7%D8%B9%D8%B1%DB%8C,https://www.urduweb.org/mehfil/forums/%D9%85%D8%B2%D8%A7%D8%AD%DB%8C%DB%81-%D8%B4%D8%A7%D8%B9%D8%B1%DB%8C.201/
61,پسندیدہ مزاحیہ تحریریں,%D9%BE%D8%B3%D9%86%D8%AF%DB%8C%D8%AF%DB%81-%D9%85%D8%B2%D8%A7%D8%AD%DB%8C%DB%81-%D8%AA%D8%AD%D8%B1%DB%8C%D8%B1%DB%8C%DA%BA,https://www.urduweb.org/mehfil/forums/%D9%BE%D8%B3%D9%86%D8%AF%DB%8C%D8%AF%DB%81-%D9%85%D8%B2%D8%A7%D8%AD%DB%8C%DB%81-%D8%AA%D8%AD%D8%B1%DB%8C%D8%B1%DB%8C%DA%BA.61/
62,آپ کی طنزیہ و مزاحیہ تحریریں,%D8%A2%D9%BE-%DA%A9%DB%8C-%D8%B7%D9%86%D8%B2%DB%8C%DB%81-%D9%88-%D9%85%D8%B2%D8%A7%D8%AD%DB%8C%DB%81-%D8%AA%D8%AD%D8%B1%DB%8C%D8%B1%DB%8C%DA%BA,https://www.urduweb.org/mehfil/forums/%D8%A2%D9%BE-%DA%A9%DB%8C-%D8%B7%D9%86%D8%B2%DB%8C%DB%81-%D9%88-%D9%85%D8%B2%D8%A7%D8%AD%DB%8C%DB%81-%D8%AA%D8%AD%D8%B1%DB%8C%D8%B1%DB%8C%DA%BA.62/
233,علمی و ادبی لطیفے,%D8%B9%D9%84%D9%85%DB%8C-%D9%88-%D8%A7%D8%AF%D8%A8%DB%8C-%D9%84%D8%B7%DB%8C%D9%81%DB%92,https://www.urduweb.org/mehfil/forums/%D8%B9%D9%84%D9%85%DB%8C-%D9%88-%D8%A7%D8%AF%D8%A8%DB%8C-%D9%84%D8%B7%DB%8C%D9%81%DB%92.233/
232,محفل چائے خانہ,%D9%85%D8%AD%D9%81%D9%84-%DA%86%D8%A7%D8%A6%DB%92-%D8%AE%D8%A7%D9%86%DB%81,https://www.urduweb.org/mehfil/forums/%D9%85%D8%AD%D9%81%D9%84-%DA%86%D8%A7%D8%A6%DB%92-%D8%AE%D8%A7%D9%86%DB%81.232/
31,اردو نامہ,%D8%A7%D8%B1%D8%AF%D9%88-%D9%86%D8%A7%D9%85%DB%81,https://www.urduweb.org/mehfil/forums/%D8%A7%D8%B1%D8%AF%D9%88-%D9%86%D8%A7%D9%85%DB%81.31/
229,ادبیات و لسانیات,%D8%A7%D8%AF%D8%A8%DB%8C%D8%A7%D8%AA-%D9%88-%D9%84%D8%B3%D8%A7%D9%86%DB%8C%D8%A7%D8%AA,https://www.urduweb.org/mehfil/forums/%D8%A7%D8%AF%D8%A8%DB%8C%D8%A7%D8%AA-%D9%88-%D9%84%D8%B3%D8%A7%D9%86%DB%8C%D8%A7%D8%AA.229/
66,کچن کارنر,%DA%A9%DA%86%D9%86-%DA%A9%D8%A7%D8%B1%D9%86%D8%B1,https://www.urduweb.org/mehfil/forums/%DA%A9%DA%86%D9%86-%DA%A9%D8%A7%D8%B1%D9%86%D8%B1.66/
42,تعلیم و تدریس,%D8%AA%D8%B9%D9%84%DB%8C%D9%85-%D9%88-%D8%AA%D8%AF%D8%B1%DB%8C%D8%B3,https://www.urduweb.org/mehfil/forums/%D8%AA%D8%B9%D9%84%DB%8C%D9%85-%D9%88-%D8%AA%D8%AF%D8%B1%DB%8C%D8%B3.42/
72,عربی کے اسباق,%D8%B9%D8%B1%D8%A8%DB%8C-%DA%A9%DB%92-%D8%A7%D8%B3%D8%A8%D8%A7%D9%82,https://www.urduweb.org/mehfil/forums/%D8%B9%D8%B1%D8%A8%DB%8C-%DA%A9%DB%92-%D8%A7%D8%B3%D8%A8%D8%A7%D9%82.72/
172,ٹیکنالوجی کے اسباق,%D9%B9%DB%8C%DA%A9%D9%86%D8%A7%D9%84%D9%88%D8%AC%DB%8C-%DA%A9%DB%92-%D8%A7%D8%B3%D8%A8%D8%A7%D9%82,https://www.urduweb.org/mehfil/forums/%D9%B9%DB%8C%DA%A9%D9%86%D8%A7%D9%84%D9%88%D8%AC%DB%8C-%DA%A9%DB%92-%D8%A7%D8%B3%D8%A8%D8%A7%D9%82.172/
173,ٹیکنیکل مضامین,%D9%B9%DB%8C%DA%A9%D9%86%DB%8C%DA%A9%D9%84-%D9%85%D8%B6%D8%A7%D9%85%DB%8C%D9%86,https://www.urduweb.org/mehfil/forums/%D9%B9%DB%8C%DA%A9%D9%86%DB%8C%DA%A9%D9%84-%D9%85%D8%B6%D8%A7%D9%85%DB%8C%D9%86.173/
174,نان‌ٹیکنیکل مضامین,%D9%86%D8%A7%D9%86%E2%80%8C%D9%B9%DB%8C%DA%A9%D9%86%DB%8C%DA%A9%D9%84-%D9%85%D8%B6%D8%A7%D9%85%DB%8C%D9%86,https://www.urduweb.org/mehfil/forums/%D9%86%D8%A7%D9%86%E2%80%8C%D9%B9%DB%8C%DA%A9%D9%86%DB%8C%DA%A9%D9%84-%D9%85%D8%B6%D8%A7%D9%85%DB%8C%D9%86.174/
121,طب اور صحت,%D8%B7%D8%A8-%D8%A7%D9%88%D8%B1-%D8%B5%D8%AD%D8%AA,https://www.urduweb.org/mehfil/forums/%D8%B7%D8%A8-%D8%A7%D9%88%D8%B1-%D8%B5%D8%AD%D8%AA.121/
49,سائنس اور ٹیکنالوجی,%D8%B3%D8%A7%D8%A6%D9%86%D8%B3-%D8%A7%D9%88%D8%B1-%D9%B9%DB%8C%DA%A9%D9%86%D8%A7%D9%84%D9%88%D8%AC%DB%8C,https://www.urduweb.org/mehfil/forums/%D8%B3%D8%A7%D8%A6%D9%86%D8%B3-%D8%A7%D9%88%D8%B1-%D9%B9%DB%8C%DA%A9%D9%86%D8%A7%D9%84%D9%88%D8%AC%DB%8C.49/
47,فیشن اور ملبوسات,%D9%81%DB%8C%D8%B4%D9%86-%D8%A7%D9%88%D8%B1-%D9%85%D9%84%D8%A8%D9%88%D8%B3%D8%A7%D8%AA,https://www.urduweb.org/mehfil/forums/%D9%81%DB%8C%D8%B4%D9%86-%D8%A7%D9%88%D8%B1-%D9%85%D9%84%D8%A8%D9%88%D8%B3%D8%A7%D8%AA.47/
122,مشاغل,%D9%85%D8%B4%D8%A7%D8%BA%D9%84,https://www.urduweb.org/mehfil/forums/%D9%85%D8%B4%D8%A7%D8%BA%D9%84.122/
119,گھریلو تراکیب اور ٹوٹکے,%DA%AF%DA%BE%D8%B1%DB%8C%D9%84%D9%88-%D8%AA%D8%B1%D8%A7%DA%A9%DB%8C%D8%A8-%D8%A7%D9%88%D8%B1-%D9%B9%D9%88%D9%B9%DA%A9%DB%92,https://www.urduweb.org/mehfil/forums/%DA%AF%DA%BE%D8%B1%DB%8C%D9%84%D9%88-%D8%AA%D8%B1%D8%A7%DA%A9%DB%8C%D8%A8-%D8%A7%D9%88%D8%B1-%D9%B9%D9%88%D9%B9%DA%A9%DB%92.119/
43,پیشہ ورانہ زندگی,%D9%BE%DB%8C%D8%B4%DB%81-%D9%88%D8%B1%D8%A7%D9%86%DB%81-%D8%B2%D9%86%D8%AF%DA%AF%DB%8C,https://www.urduweb.org/mehfil/forums/%D9%BE%DB%8C%D8%B4%DB%81-%D9%88%D8%B1%D8%A7%D9%86%DB%81-%D8%B2%D9%86%D8%AF%DA%AF%DB%8C.43/
175,معیشت و تجارت,%D9%85%D8%B9%DB%8C%D8%B4%D8%AA-%D9%88-%D8%AA%D8%AC%D8%A7%D8%B1%D8%AA,https://www.urduweb.org/mehfil/forums/%D9%85%D8%B9%DB%8C%D8%B4%D8%AA-%D9%88-%D8%AA%D8%AC%D8%A7%D8%B1%D8%AA.175/
181,ماحولیات,%D9%85%D8%A7%D8%AD%D9%88%D9%84%DB%8C%D8%A7%D8%AA,https://www.urduweb.org/mehfil/forums/%D9%85%D8%A7%D8%AD%D9%88%D9%84%DB%8C%D8%A7%D8%AA.181/
44,موسیقی کی دنیا,%D9%85%D9%88%D8%B3%DB%8C%D9%82%DB%8C-%DA%A9%DB%8C-%D8%AF%D9%86%DB%8C%D8%A7,https://www.urduweb.org/mehfil/forums/%D9%85%D9%88%D8%B3%DB%8C%D9%82%DB%8C-%DA%A9%DB%8C-%D8%AF%D9%86%DB%8C%D8%A7.44/
45,سنیما، ٹی وی اور تھیٹر,%D8%B3%D9%86%DB%8C%D9%85%D8%A7%D8%8C-%D9%B9%DB%8C-%D9%88%DB%8C-%D8%A7%D9%88%D8%B1-%D8%AA%DA%BE%DB%8C%D9%B9%D8%B1,https://www.urduweb.org/mehfil/forums/%D8%B3%D9%86%DB%8C%D9%85%D8%A7%D8%8C-%D9%B9%DB%8C-%D9%88%DB%8C-%D8%A7%D9%88%D8%B1-%D8%AA%DA%BE%DB%8C%D9%B9%D8%B1.45/
46,کھیل اور کھلاڑی,%DA%A9%DA%BE%DB%8C%D9%84-%D8%A7%D9%88%D8%B1-%DA%A9%DA%BE%D9%84%D8%A7%DA%91%DB%8C,https://www.urduweb.org/mehfil/forums/%DA%A9%DA%BE%DB%8C%D9%84-%D8%A7%D9%88%D8%B1-%DA%A9%DA%BE%D9%84%D8%A7%DA%91%DB%8C.46/
35,اِسلامی تعلیمات,%D8%A7%D9%90%D8%B3%D9%84%D8%A7%D9%85%DB%8C-%D8%AA%D8%B9%D9%84%DB%8C%D9%85%D8%A7%D8%AA,https://www.urduweb.org/mehfil/forums/%D8%A7%D9%90%D8%B3%D9%84%D8%A7%D9%85%DB%8C-%D8%AA%D8%B9%D9%84%DB%8C%D9%85%D8%A7%D8%AA.35/
192,قران فہمی,%D9%82%D8%B1%D8%A7%D9%86-%D9%81%DB%81%D9%85%DB%8C,https://www.urduweb.org/mehfil/forums/%D9%82%D8%B1%D8%A7%D9%86-%D9%81%DB%81%D9%85%DB%8C.192/
193,اسلامی ملٹی میڈیا,%D8%A7%D8%B3%D9%84%D8%A7%D9%85%DB%8C-%D9%85%D9%84%D9%B9%DB%8C-%D9%85%DB%8C%DA%88%DB%8C%D8%A7,https://www.urduweb.org/mehfil/forums/%D8%A7%D8%B3%D9%84%D8%A7%D9%85%DB%8C-%D9%85%D9%84%D9%B9%DB%8C-%D9%85%DB%8C%DA%88%DB%8C%D8%A7.193/
38,سیرتِ سرورِ کائنات,%D8%B3%DB%8C%D8%B1%D8%AA%D9%90-%D8%B3%D8%B1%D9%88%D8%B1%D9%90-%DA%A9%D8%A7%D8%A6%D9%86%D8%A7%D8%AA,https://www.urduweb.org/mehfil/forums/%D8%B3%DB%8C%D8%B1%D8%AA%D9%90-%D8%B3%D8%B1%D9%88%D8%B1%D9%90-%DA%A9%D8%A7%D8%A6%D9%86%D8%A7%D8%AA.38/
202,آج کی خبر,%D8%A2%D8%AC-%DA%A9%DB%8C-%D8%AE%D8%A8%D8%B1,https://www.urduweb.org/mehfil/forums/%D8%A2%D8%AC-%DA%A9%DB%8C-%D8%AE%D8%A8%D8%B1.202/
203,آپ کے کالم,%D8%A2%D9%BE-%DA%A9%DB%92-%DA%A9%D8%A7%D9%84%D9%85,https://www.urduweb.org/mehfil/forums/%D8%A2%D9%BE-%DA%A9%DB%92-%DA%A9%D8%A7%D9%84%D9%85.203/
199,صحافت,%D8%B5%D8%AD%D8%A7%D9%81%D8%AA,https://www.urduweb.org/mehfil/forums/%D8%B5%D8%AD%D8%A7%D9%81%D8%AA.199/
32,سیاست,%D8%B3%DB%8C%D8%A7%D8%B3%D8%AA,https://www.urduweb.org/mehfil/forums/%D8%B3%DB%8C%D8%A7%D8%B3%D8%AA.32/
176,پاکستان میں ایمرجنسی کا نفاذ,%D9%BE%D8%A7%DA%A9%D8%B3%D8%AA%D8%A7%D9%86-%D9%85%DB%8C%DA%BA-%D8%A7%DB%8C%D9%85%D8%B1%D8%AC%D9%86%D8%B3%DB%8C-%DA%A9%D8%A7-%D9%86%D9%81%D8%A7%D8%B0,https://www.urduweb.org/mehfil/forums/%D9%BE%D8%A7%DA%A9%D8%B3%D8%AA%D8%A7%D9%86-%D9%85%DB%8C%DA%BA-%D8%A7%DB%8C%D9%85%D8%B1%D8%AC%D9%86%D8%B3%DB%8C-%DA%A9%D8%A7-%D9%86%D9%81%D8%A7%D8%B0.176/
184,ہمارا معاشرہ,%DB%81%D9%85%D8%A7%D8%B1%D8%A7-%D9%85%D8%B9%D8%A7%D8%B4%D8%B1%DB%81,https://www.urduweb.org/mehfil/forums/%DB%81%D9%85%D8%A7%D8%B1%D8%A7-%D9%85%D8%B9%D8%A7%D8%B4%D8%B1%DB%81.184/
36,اسلام اور عصر حاضر,%D8%A7%D8%B3%D9%84%D8%A7%D9%85-%D8%A7%D9%88%D8%B1-%D8%B9%D8%B5%D8%B1-%D8%AD%D8%A7%D8%B6%D8%B1,https://www.urduweb.org/mehfil/forums/%D8%A7%D8%B3%D9%84%D8%A7%D9%85-%D8%A7%D9%88%D8%B1-%D8%B9%D8%B5%D8%B1-%D8%AD%D8%A7%D8%B6%D8%B1.36/
71,تاریخ کا مطالعہ,%D8%AA%D8%A7%D8%B1%DB%8C%D8%AE-%DA%A9%D8%A7-%D9%85%D8%B7%D8%A7%D9%84%D8%B9%DB%81,https://www.urduweb.org/mehfil/forums/%D8%AA%D8%A7%D8%B1%DB%8C%D8%AE-%DA%A9%D8%A7-%D9%85%D8%B7%D8%A7%D9%84%D8%B9%DB%81.71/
210,تاریخ اسلام,%D8%AA%D8%A7%D8%B1%DB%8C%D8%AE-%D8%A7%D8%B3%D9%84%D8%A7%D9%85,https://www.urduweb.org/mehfil/forums/%D8%AA%D8%A7%D8%B1%DB%8C%D8%AE-%D8%A7%D8%B3%D9%84%D8%A7%D9%85.210/
48,پاکستان میں زلزلہ,%D9%BE%D8%A7%DA%A9%D8%B3%D8%AA%D8%A7%D9%86-%D9%85%DB%8C%DA%BA-%D8%B2%D9%84%D8%B2%D9%84%DB%81,https://www.urduweb.org/mehfil/forums/%D9%BE%D8%A7%DA%A9%D8%B3%D8%AA%D8%A7%D9%86-%D9%85%DB%8C%DA%BA-%D8%B2%D9%84%D8%B2%D9%84%DB%81.48/
41,کھیل ہی کھیل میں,%DA%A9%DA%BE%DB%8C%D9%84-%DB%81%DB%8C-%DA%A9%DA%BE%DB%8C%D9%84-%D9%85%DB%8C%DA%BA,https://www.urduweb.org/mehfil/forums/%DA%A9%DA%BE%DB%8C%D9%84-%DB%81%DB%8C-%DA%A9%DA%BE%DB%8C%D9%84-%D9%85%DB%8C%DA%BA.41/
101,اشعار اور گانوں کے کھیل,%D8%A7%D8%B4%D8%B9%D8%A7%D8%B1-%D8%A7%D9%88%D8%B1-%DA%AF%D8%A7%D9%86%D9%88%DA%BA-%DA%A9%DB%92-%DA%A9%DA%BE%DB%8C%D9%84,https://www.urduweb.org/mehfil/forums/%D8%A7%D8%B4%D8%B9%D8%A7%D8%B1-%D8%A7%D9%88%D8%B1-%DA%AF%D8%A7%D9%86%D9%88%DA%BA-%DA%A9%DB%92-%DA%A9%DA%BE%DB%8C%D9%84.101/
102,کہانی لکھنے کا کھیل,%DA%A9%DB%81%D8%A7%D9%86%DB%8C-%D9%84%DA%A9%DA%BE%D9%86%DB%92-%DA%A9%D8%A7-%DA%A9%DA%BE%DB%8C%D9%84,https://www.urduweb.org/mehfil/forums/%DA%A9%DB%81%D8%A7%D9%86%DB%8C-%D9%84%DA%A9%DA%BE%D9%86%DB%92-%DA%A9%D8%A7-%DA%A9%DA%BE%DB%8C%D9%84.102/
230,آج کی گیم,%D8%A2%D8%AC-%DA%A9%DB%8C-%DA%AF%DB%8C%D9%85,https://www.urduweb.org/mehfil/forums/%D8%A2%D8%AC-%DA%A9%DB%8C-%DA%AF%DB%8C%D9%85.230/
200,ویڈیوز (غیر سیاسی و غیر مذہبی),%D9%88%DB%8C%DA%88%DB%8C%D9%88%D8%B2-%D8%BA%DB%8C%D8%B1-%D8%B3%DB%8C%D8%A7%D8%B3%DB%8C-%D9%88-%D8%BA%DB%8C%D8%B1-%D9%85%D8%B0%DB%81%D8%A8%DB%8C,https://www.urduweb.org/mehfil/forums/%D9%88%DB%8C%DA%88%DB%8C%D9%88%D8%B2-%D8%BA%DB%8C%D8%B1-%D8%B3%DB%8C%D8%A7%D8%B3%DB%8C-%D9%88-%D8%BA%DB%8C%D8%B1-%D9%85%D8%B0%DB%81%D8%A8%DB%8C.200/
40,تصاویر,%D8%AA%D8%B5%D8%A7%D9%88%DB%8C%D8%B1,https://www.urduweb.org/mehfil/forums/%D8%AA%D8%B5%D8%A7%D9%88%DB%8C%D8%B1.40/
221,شاعری اور مصوری,%D8%B4%D8%A7%D8%B9%D8%B1%DB%8C-%D8%A7%D9%88%D8%B1-%D9%85%D8%B5%D9%88%D8%B1%DB%8C,https://www.urduweb.org/mehfil/forums/%D8%B4%D8%A7%D8%B9%D8%B1%DB%8C-%D8%A7%D9%88%D8%B1-%D9%85%D8%B5%D9%88%D8%B1%DB%8C.221/
220,روز مرہ کے معمولات سے,%D8%B1%D9%88%D8%B2-%D9%85%D8%B1%DB%81-%DA%A9%DB%92-%D9%85%D8%B9%D9%85%D9%88%D9%84%D8%A7%D8%AA-%D8%B3%DB%92,https://www.urduweb.org/mehfil/forums/%D8%B1%D9%88%D8%B2-%D9%85%D8%B1%DB%81-%DA%A9%DB%92-%D9%85%D8%B9%D9%85%D9%88%D9%84%D8%A7%D8%AA-%D8%B3%DB%92.220/
240,اوراد و اذکار,%D8%A7%D9%88%D8%B1%D8%A7%D8%AF-%D9%88-%D8%A7%D8%B0%DA%A9%D8%A7%D8%B1,https://www.urduweb.org/mehfil/forums/%D8%A7%D9%88%D8%B1%D8%A7%D8%AF-%D9%88-%D8%A7%D8%B0%DA%A9%D8%A7%D8%B1.240/
15,اپنا اپنا دیس,%D8%A7%D9%BE%D9%86%D8%A7-%D8%A7%D9%BE%D9%86%D8%A7-%D8%AF%DB%8C%D8%B3,https://www.urduweb.org/mehfil/forums/%D8%A7%D9%BE%D9%86%D8%A7-%D8%A7%D9%BE%D9%86%D8%A7-%D8%AF%DB%8C%D8%B3.15/
243,اراکین کے سفرنامے,%D8%A7%D8%B1%D8%A7%DA%A9%DB%8C%D9%86-%DA%A9%DB%92-%D8%B3%D9%81%D8%B1%D9%86%D8%A7%D9%85%DB%92,https://www.urduweb.org/mehfil/forums/%D8%A7%D8%B1%D8%A7%DA%A9%DB%8C%D9%86-%DA%A9%DB%92-%D8%B3%D9%81%D8%B1%D9%86%D8%A7%D9%85%DB%92.243/
29,گپ شپ,%DA%AF%D9%BE-%D8%B4%D9%BE,https://www.urduweb.org/mehfil/forums/%DA%AF%D9%BE-%D8%B4%D9%BE.29/
63,لطائف,%D9%84%D8%B7%D8%A7%D8%A6%D9%81,https://www.urduweb.org/mehfil/forums/%D9%84%D8%B7%D8%A7%D8%A6%D9%81.63/
34,متفرقات,%D9%85%D8%AA%D9%81%D8%B1%D9%82%D8%A7%D8%AA,https://www.urduweb.org/mehfil/forums/%D9%85%D8%AA%D9%81%D8%B1%D9%82%D8%A7%D8%AA.34/
157,پنجابی فورم,%D9%BE%D9%86%D8%AC%D8%A7%D8%A8%DB%8C-%D9%81%D9%88%D8%B1%D9%85,https://www.urduweb.org/mehfil/forums/%D9%BE%D9%86%D8%AC%D8%A7%D8%A8%DB%8C-%D9%81%D9%88%D8%B1%D9%85.157/
187,سندھی فورم,%D8%B3%D9%86%D8%AF%DA%BE%DB%8C-%D9%81%D9%88%D8%B1%D9%85,https://www.urduweb.org/mehfil/forums/%D8%B3%D9%86%D8%AF%DA%BE%DB%8C-%D9%81%D9%88%D8%B1%D9%85.187/
140,استقبالیہ,%D8%A7%D8%B3%D8%AA%D9%82%D8%A8%D8%A7%D9%84%DB%8C%DB%81,https://www.urduweb.org/mehfil/forums/%D8%A7%D8%B3%D8%AA%D9%82%D8%A8%D8%A7%D9%84%DB%8C%DB%81.140/
141,بنیادی معلومات,%D8%A8%D9%86%DB%8C%D8%A7%D8%AF%DB%8C-%D9%85%D8%B9%D9%84%D9%88%D9%85%D8%A7%D8%AA,https://www.urduweb.org/mehfil/forums/%D8%A8%D9%86%DB%8C%D8%A7%D8%AF%DB%8C-%D9%85%D8%B9%D9%84%D9%88%D9%85%D8%A7%D8%AA.141/
142,لائبریری ٹیم میں شمولیت اختیار کریں,%D9%84%D8%A7%D8%A6%D8%A8%D8%B1%DB%8C%D8%B1%DB%8C-%D9%B9%DB%8C%D9%85-%D9%85%DB%8C%DA%BA-%D8%B4%D9%85%D9%88%D9%84%DB%8C%D8%AA-%D8%A7%D8%AE%D8%AA%DB%8C%D8%A7%D8%B1-%DA%A9%D8%B1%DB%8C%DA%BA,https://www.urduweb.org/mehfil/forums/%D9%84%D8%A7%D8%A6%D8%A8%D8%B1%DB%8C%D8%B1%DB%8C-%D9%B9%DB%8C%D9%85-%D9%85%DB%8C%DA%BA-%D8%B4%D9%85%D9%88%D9%84%DB%8C%D8%AA-%D8%A7%D8%AE%D8%AA%DB%8C%D8%A7%D8%B1-%DA%A9%D8%B1%DB%8C%DA%BA.142/
170,تبصرے,%D8%AA%D8%A8%D8%B5%D8%B1%DB%92,https://www.urduweb.org/mehfil/forums/%D8%AA%D8%A8%D8%B5%D8%B1%DB%92.170/
212,ماہِ اُردو لائبریری,%D9%85%D8%A7%DB%81%D9%90-%D8%A7%D9%8F%D8%B1%D8%AF%D9%88-%D9%84%D8%A7%D8%A6%D8%A8%D8%B1%DB%8C%D8%B1%DB%8C,https://www.urduweb.org/mehfil/forums/%D9%85%D8%A7%DB%81%D9%90-%D8%A7%D9%8F%D8%B1%D8%AF%D9%88-%D9%84%D8%A7%D8%A6%D8%A8%D8%B1%DB%8C%D8%B1%DB%8C.212/
213,ذیلی ٹیمیں,%D8%B0%DB%8C%D9%84%DB%8C-%D9%B9%DB%8C%D9%85%DB%8C%DA%BA,https://www.urduweb.org/mehfil/forums/%D8%B0%DB%8C%D9%84%DB%8C-%D9%B9%DB%8C%D9%85%DB%8C%DA%BA.213/
214,میرا بک شیلف,%D9%85%DB%8C%D8%B1%D8%A7-%D8%A8%DA%A9-%D8%B4%DB%8C%D9%84%D9%81,https://www.urduweb.org/mehfil/forums/%D9%85%DB%8C%D8%B1%D8%A7-%D8%A8%DA%A9-%D8%B4%DB%8C%D9%84%D9%81.214/
215,لائبریری ایوارڈز,%D9%84%D8%A7%D8%A6%D8%A8%D8%B1%DB%8C%D8%B1%DB%8C-%D8%A7%DB%8C%D9%88%D8%A7%D8%B1%DA%88%D8%B2,https://www.urduweb.org/mehfil/forums/%D9%84%D8%A7%D8%A6%D8%A8%D8%B1%DB%8C%D8%B1%DB%8C-%D8%A7%DB%8C%D9%88%D8%A7%D8%B1%DA%88%D8%B2.215/
216,اپڈیٹ زون,%D8%A7%D9%BE%DA%88%DB%8C%D9%B9-%D8%B2%D9%88%D9%86,https://www.urduweb.org/mehfil/forums/%D8%A7%D9%BE%DA%88%DB%8C%D9%B9-%D8%B2%D9%88%D9%86.216/
217,ورکنگ زون,%D9%88%D8%B1%DA%A9%D9%86%DA%AF-%D8%B2%D9%88%D9%86,https://www.urduweb.org/mehfil/forums/%D9%88%D8%B1%DA%A9%D9%86%DA%AF-%D8%B2%D9%88%D9%86.217/
218,کچھ ہلکا پھلکا,%DA%A9%DA%86%DA%BE-%DB%81%D9%84%DA%A9%D8%A7-%D9%BE%DA%BE%D9%84%DA%A9%D8%A7,https://www.urduweb.org/mehfil/forums/%DA%A9%DA%86%DA%BE-%DB%81%D9%84%DA%A9%D8%A7-%D9%BE%DA%BE%D9%84%DA%A9%D8%A7.218/
95,لائبریری کے بارے,%D9%84%D8%A7%D8%A6%D8%A8%D8%B1%DB%8C%D8%B1%DB%8C-%DA%A9%DB%92-%D8%A8%D8%A7%D8%B1%DB%92,https://www.urduweb.org/mehfil/forums/%D9%84%D8%A7%D8%A6%D8%A8%D8%B1%DB%8C%D8%B1%DB%8C-%DA%A9%DB%92-%D8%A8%D8%A7%D8%B1%DB%92.95/
195,لائبریری انتظامیہ,%D9%84%D8%A7%D8%A6%D8%A8%D8%B1%DB%8C%D8%B1%DB%8C-%D8%A7%D9%86%D8%AA%D8%B8%D8%A7%D9%85%DB%8C%DB%81,https://www.urduweb.org/mehfil/forums/%D9%84%D8%A7%D8%A6%D8%A8%D8%B1%DB%8C%D8%B1%DB%8C-%D8%A7%D9%86%D8%AA%D8%B8%D8%A7%D9%85%DB%8C%DB%81.195/
206,ای بکس کی تیاری,%D8%A7%DB%8C-%D8%A8%DA%A9%D8%B3-%DA%A9%DB%8C-%D8%AA%DB%8C%D8%A7%D8%B1%DB%8C,https://www.urduweb.org/mehfil/forums/%D8%A7%DB%8C-%D8%A8%DA%A9%D8%B3-%DA%A9%DB%8C-%D8%AA%DB%8C%D8%A7%D8%B1%DB%8C.206/
99,برقیانے کیلئے کتب کی فرمائش,%D8%A8%D8%B1%D9%82%DB%8C%D8%A7%D9%86%DB%92-%DA%A9%DB%8C%D9%84%D8%A6%DB%92-%DA%A9%D8%AA%D8%A8-%DA%A9%DB%8C-%D9%81%D8%B1%D9%85%D8%A7%D8%A6%D8%B4,https://www.urduweb.org/mehfil/forums/%D8%A8%D8%B1%D9%82%DB%8C%D8%A7%D9%86%DB%92-%DA%A9%DB%8C%D9%84%D8%A6%DB%92-%DA%A9%D8%AA%D8%A8-%DA%A9%DB%8C-%D9%81%D8%B1%D9%85%D8%A7%D8%A6%D8%B4.99/
144,تجویز / تجاویز اکاؤنٹ,%D8%AA%D8%AC%D9%88%DB%8C%D8%B2-%D8%AA%D8%AC%D8%A7%D9%88%DB%8C%D8%B2-%D8%A7%DA%A9%D8%A7%D8%A4%D9%86%D9%B9,https://www.urduweb.org/mehfil/forums/%D8%AA%D8%AC%D9%88%DB%8C%D8%B2-%D8%AA%D8%AC%D8%A7%D9%88%DB%8C%D8%B2-%D8%A7%DA%A9%D8%A7%D8%A4%D9%86%D9%B9.144/
145,سروے سیکشن,%D8%B3%D8%B1%D9%88%DB%92-%D8%B3%DB%8C%DA%A9%D8%B4%D9%86,https://www.urduweb.org/mehfil/forums/%D8%B3%D8%B1%D9%88%DB%92-%D8%B3%DB%8C%DA%A9%D8%B4%D9%86.145/
90,قرآن و سنت,%D9%82%D8%B1%D8%A2%D9%86-%D9%88-%D8%B3%D9%86%D8%AA,https://www.urduweb.org/mehfil/forums/%D9%82%D8%B1%D8%A2%D9%86-%D9%88-%D8%B3%D9%86%D8%AA.90/
89,سیرت سرور کائنات,%D8%B3%DB%8C%D8%B1%D8%AA-%D8%B3%D8%B1%D9%88%D8%B1-%DA%A9%D8%A7%D8%A6%D9%86%D8%A7%D8%AA,https://www.urduweb.org/mehfil/forums/%D8%B3%DB%8C%D8%B1%D8%AA-%D8%B3%D8%B1%D9%88%D8%B1-%DA%A9%D8%A7%D8%A6%D9%86%D8%A7%D8%AA.89/
138,تاریخ اور فلسفہ,%D8%AA%D8%A7%D8%B1%DB%8C%D8%AE-%D8%A7%D9%88%D8%B1-%D9%81%D9%84%D8%B3%D9%81%DB%81,https://www.urduweb.org/mehfil/forums/%D8%AA%D8%A7%D8%B1%DB%8C%D8%AE-%D8%A7%D9%88%D8%B1-%D9%81%D9%84%D8%B3%D9%81%DB%81.138/
139,تصوف,%D8%AA%D8%B5%D9%88%D9%81,https://www.urduweb.org/mehfil/forums/%D8%AA%D8%B5%D9%88%D9%81.139/
146,ریفرنس سیکشن,%D8%B1%DB%8C%D9%81%D8%B1%D9%86%D8%B3-%D8%B3%DB%8C%DA%A9%D8%B4%D9%86,https://www.urduweb.org/mehfil/forums/%D8%B1%DB%8C%D9%81%D8%B1%D9%86%D8%B3-%D8%B3%DB%8C%DA%A9%D8%B4%D9%86.146/
148,انسائیکلو پیڈیا,%D8%A7%D9%86%D8%B3%D8%A7%D8%A6%DB%8C%DA%A9%D9%84%D9%88-%D9%BE%DB%8C%DA%88%DB%8C%D8%A7,https://www.urduweb.org/mehfil/forums/%D8%A7%D9%86%D8%B3%D8%A7%D8%A6%DB%8C%DA%A9%D9%84%D9%88-%D9%BE%DB%8C%DA%88%DB%8C%D8%A7.148/
150,لسانیات,%D9%84%D8%B3%D8%A7%D9%86%DB%8C%D8%A7%D8%AA,https://www.urduweb.org/mehfil/forums/%D9%84%D8%B3%D8%A7%D9%86%DB%8C%D8%A7%D8%AA.150/
75,اردو نثر,%D8%A7%D8%B1%D8%AF%D9%88-%D9%86%D8%AB%D8%B1,https://www.urduweb.org/mehfil/forums/%D8%A7%D8%B1%D8%AF%D9%88-%D9%86%D8%AB%D8%B1.75/
82,آپ بیتی و سوانح عمری,%D8%A2%D9%BE-%D8%A8%DB%8C%D8%AA%DB%8C-%D9%88-%D8%B3%D9%88%D8%A7%D9%86%D8%AD-%D8%B9%D9%85%D8%B1%DB%8C,https://www.urduweb.org/mehfil/forums/%D8%A2%D9%BE-%D8%A8%DB%8C%D8%AA%DB%8C-%D9%88-%D8%B3%D9%88%D8%A7%D9%86%D8%AD-%D8%B9%D9%85%D8%B1%DB%8C.82/
86,ناول,%D9%86%D8%A7%D9%88%D9%84,https://www.urduweb.org/mehfil/forums/%D9%86%D8%A7%D9%88%D9%84.86/
88,داستان,%D8%AF%D8%A7%D8%B3%D8%AA%D8%A7%D9%86,https://www.urduweb.org/mehfil/forums/%D8%AF%D8%A7%D8%B3%D8%AA%D8%A7%D9%86.88/
97,افسانے,%D8%A7%D9%81%D8%B3%D8%A7%D9%86%DB%92,https://www.urduweb.org/mehfil/forums/%D8%A7%D9%81%D8%B3%D8%A7%D9%86%DB%92.97/
80,خطبات و مکتوبات,%D8%AE%D8%B7%D8%A8%D8%A7%D8%AA-%D9%88-%D9%85%DA%A9%D8%AA%D9%88%D8%A8%D8%A7%D8%AA,https://www.urduweb.org/mehfil/forums/%D8%AE%D8%B7%D8%A8%D8%A7%D8%AA-%D9%88-%D9%85%DA%A9%D8%AA%D9%88%D8%A8%D8%A7%D8%AA.80/
78,مقالات,%D9%85%D9%82%D8%A7%D9%84%D8%A7%D8%AA,https://www.urduweb.org/mehfil/forums/%D9%85%D9%82%D8%A7%D9%84%D8%A7%D8%AA.78/
103,مضامین,%D9%85%D8%B6%D8%A7%D9%85%DB%8C%D9%86,https://www.urduweb.org/mehfil/forums/%D9%85%D8%B6%D8%A7%D9%85%DB%8C%D9%86.103/
107,تذکرہ جات,%D8%AA%D8%B0%DA%A9%D8%B1%DB%81-%D8%AC%D8%A7%D8%AA,https://www.urduweb.org/mehfil/forums/%D8%AA%D8%B0%DA%A9%D8%B1%DB%81-%D8%AC%D8%A7%D8%AA.107/
108,مصاحبہ (انٹرویو),%D9%85%D8%B5%D8%A7%D8%AD%D8%A8%DB%81-%D8%A7%D9%86%D9%B9%D8%B1%D9%88%DB%8C%D9%88,https://www.urduweb.org/mehfil/forums/%D9%85%D8%B5%D8%A7%D8%AD%D8%A8%DB%81-%D8%A7%D9%86%D9%B9%D8%B1%D9%88%DB%8C%D9%88.108/
109,خاکہ نگاری,%D8%AE%D8%A7%DA%A9%DB%81-%D9%86%DA%AF%D8%A7%D8%B1%DB%8C,https://www.urduweb.org/mehfil/forums/%D8%AE%D8%A7%DA%A9%DB%81-%D9%86%DA%AF%D8%A7%D8%B1%DB%8C.109/
111,تراجم,%D8%AA%D8%B1%D8%A7%D8%AC%D9%85,https://www.urduweb.org/mehfil/forums/%D8%AA%D8%B1%D8%A7%D8%AC%D9%85.111/
83,مزاح نگاری,%D9%85%D8%B2%D8%A7%D8%AD-%D9%86%DA%AF%D8%A7%D8%B1%DB%8C,https://www.urduweb.org/mehfil/forums/%D9%85%D8%B2%D8%A7%D8%AD-%D9%86%DA%AF%D8%A7%D8%B1%DB%8C.83/
104,شاعری پر تنقیدی مضامین,%D8%B4%D8%A7%D8%B9%D8%B1%DB%8C-%D9%BE%D8%B1-%D8%AA%D9%86%D9%82%DB%8C%D8%AF%DB%8C-%D9%85%D8%B6%D8%A7%D9%85%DB%8C%D9%86,https://www.urduweb.org/mehfil/forums/%D8%B4%D8%A7%D8%B9%D8%B1%DB%8C-%D9%BE%D8%B1-%D8%AA%D9%86%D9%82%DB%8C%D8%AF%DB%8C-%D9%85%D8%B6%D8%A7%D9%85%DB%8C%D9%86.104/
106,نثر پر تنقیدی مضامین,%D9%86%D8%AB%D8%B1-%D9%BE%D8%B1-%D8%AA%D9%86%D9%82%DB%8C%D8%AF%DB%8C-%D9%85%D8%B6%D8%A7%D9%85%DB%8C%D9%86,https://www.urduweb.org/mehfil/forums/%D9%86%D8%AB%D8%B1-%D9%BE%D8%B1-%D8%AA%D9%86%D9%82%DB%8C%D8%AF%DB%8C-%D9%85%D8%B6%D8%A7%D9%85%DB%8C%D9%86.106/
105,تاریخ ادب اردو,%D8%AA%D8%A7%D8%B1%DB%8C%D8%AE-%D8%A7%D8%AF%D8%A8-%D8%A7%D8%B1%D8%AF%D9%88,https://www.urduweb.org/mehfil/forums/%D8%AA%D8%A7%D8%B1%DB%8C%D8%AE-%D8%A7%D8%AF%D8%A8-%D8%A7%D8%B1%D8%AF%D9%88.105/
153,سفرنامہ,%D8%B3%D9%81%D8%B1%D9%86%D8%A7%D9%85%DB%81,https://www.urduweb.org/mehfil/forums/%D8%B3%D9%81%D8%B1%D9%86%D8%A7%D9%85%DB%81.153/
110,رپورتاژ,%D8%B1%D9%BE%D9%88%D8%B1%D8%AA%D8%A7%DA%98,https://www.urduweb.org/mehfil/forums/%D8%B1%D9%BE%D9%88%D8%B1%D8%AA%D8%A7%DA%98.110/
237,غیر افسانوی ادب,%D8%BA%DB%8C%D8%B1-%D8%A7%D9%81%D8%B3%D8%A7%D9%86%D9%88%DB%8C-%D8%A7%D8%AF%D8%A8,https://www.urduweb.org/mehfil/forums/%D8%BA%DB%8C%D8%B1-%D8%A7%D9%81%D8%B3%D8%A7%D9%86%D9%88%DB%8C-%D8%A7%D8%AF%D8%A8.237/
164,جاسوسی ادب (عمران سیریز وغیرہ),%D8%AC%D8%A7%D8%B3%D9%88%D8%B3%DB%8C-%D8%A7%D8%AF%D8%A8-%D8%B9%D9%85%D8%B1%D8%A7%D9%86-%D8%B3%DB%8C%D8%B1%DB%8C%D8%B2-%D9%88%D8%BA%DB%8C%D8%B1%DB%81,https://www.urduweb.org/mehfil/forums/%D8%AC%D8%A7%D8%B3%D9%88%D8%B3%DB%8C-%D8%A7%D8%AF%D8%A8-%D8%B9%D9%85%D8%B1%D8%A7%D9%86-%D8%B3%DB%8C%D8%B1%DB%8C%D8%B2-%D9%88%D8%BA%DB%8C%D8%B1%DB%81.164/
76,اردو شاعری,%D8%A7%D8%B1%D8%AF%D9%88-%D8%B4%D8%A7%D8%B9%D8%B1%DB%8C,https://www.urduweb.org/mehfil/forums/%D8%A7%D8%B1%D8%AF%D9%88-%D8%B4%D8%A7%D8%B9%D8%B1%DB%8C.76/
112,مرثیہ,%D9%85%D8%B1%D8%AB%DB%8C%DB%81,https://www.urduweb.org/mehfil/forums/%D9%85%D8%B1%D8%AB%DB%8C%DB%81.112/
98,مزاحیہ شاعری,%D9%85%D8%B2%D8%A7%D8%AD%DB%8C%DB%81-%D8%B4%D8%A7%D8%B9%D8%B1%DB%8C,https://www.urduweb.org/mehfil/forums/%D9%85%D8%B2%D8%A7%D8%AD%DB%8C%DB%81-%D8%B4%D8%A7%D8%B9%D8%B1%DB%8C.98/
151,ہائیکو,%DB%81%D8%A7%D8%A6%DB%8C%DA%A9%D9%88,https://www.urduweb.org/mehfil/forums/%DB%81%D8%A7%D8%A6%DB%8C%DA%A9%D9%88.151/
152,امیرخسرو,%D8%A7%D9%85%DB%8C%D8%B1%D8%AE%D8%B3%D8%B1%D9%88,https://www.urduweb.org/mehfil/forums/%D8%A7%D9%85%DB%8C%D8%B1%D8%AE%D8%B3%D8%B1%D9%88.152/
77,اقبالیات,%D8%A7%D9%82%D8%A8%D8%A7%D9%84%DB%8C%D8%A7%D8%AA,https://www.urduweb.org/mehfil/forums/%D8%A7%D9%82%D8%A8%D8%A7%D9%84%DB%8C%D8%A7%D8%AA.77/
85,غالبیات,%D8%BA%D8%A7%D9%84%D8%A8%DB%8C%D8%A7%D8%AA,https://www.urduweb.org/mehfil/forums/%D8%BA%D8%A7%D9%84%D8%A8%DB%8C%D8%A7%D8%AA.85/
84,سرسید احمد خان,%D8%B3%D8%B1%D8%B3%DB%8C%D8%AF-%D8%A7%D8%AD%D9%85%D8%AF-%D8%AE%D8%A7%D9%86,https://www.urduweb.org/mehfil/forums/%D8%B3%D8%B1%D8%B3%DB%8C%D8%AF-%D8%A7%D8%AD%D9%85%D8%AF-%D8%AE%D8%A7%D9%86.84/
113,گوشہ اطفال,%DA%AF%D9%88%D8%B4%DB%81-%D8%A7%D8%B7%D9%81%D8%A7%D9%84,https://www.urduweb.org/mehfil/forums/%DA%AF%D9%88%D8%B4%DB%81-%D8%A7%D8%B7%D9%81%D8%A7%D9%84.113/
258,بچوں کی نظمیں,%D8%A8%DA%86%D9%88%DA%BA-%DA%A9%DB%8C-%D9%86%D8%B8%D9%85%DB%8C%DA%BA,https://www.urduweb.org/mehfil/forums/%D8%A8%DA%86%D9%88%DA%BA-%DA%A9%DB%8C-%D9%86%D8%B8%D9%85%DB%8C%DA%BA.258/
128,General Discussion,general-discussion,https://www.urduweb.org/mehfil/forums/general-discussion.128/
204,Quotes and Images,quotes-and-images,https://www.urduweb.org/mehfil/forums/quotes-and-images.204/
205,Jokes,jokes,https://www.urduweb.org/mehfil/forums/jokes.205/
211,Games Corner,games-corner,https://www.urduweb.org/mehfil/forums/games-corner.211/
